{
  "model_slug": "qwen2.5-1.5b",
  "layer": 4,
  "probe_type": "linear",
  "best_epoch": 30,
  "val_roc_auc": 0.8744444444444445,
  "val_pr_auc": 0.6764501952386663,
  "test_roc_auc": 0.8484567901234569,
  "test_pr_auc": 0.6642498850610369,
  "best_threshold": 0.9300000000000002,
  "test_f1_harmful_at_best_thresh": 0.6153846153846154,
  "hyperparams": {
    "lr": 0.001,
    "weight_decay": 0.0001,
    "pos_weight": 3.0,
    "batch_size": 64,
    "seed": 42,
    "harmful_frac": null
  }
}