{
  "layer": 11,
  "probe_type": "linear",
  "test_roc_auc": 0.9484259259259259,
  "test_pr_auc": 0.8162136173086041,
  "test_f1": 0.7142857142857143,
  "best_threshold": 0.6300000000000001
}