{
  "layer": 1,
  "probe_type": "linear",
  "test_roc_auc": 0.7659259259259259,
  "test_pr_auc": 0.5229318746235586,
  "test_f1": 0.4370860927152318,
  "best_threshold": 0.6000000000000001
}