{
  "layer": 24,
  "probe_type": "linear",
  "test_roc_auc": 0.9467592592592593,
  "test_pr_auc": 0.8250911100795296,
  "test_f1": 0.7377049180327869,
  "best_threshold": 0.8100000000000002
}