{
  "layer": 16,
  "probe_type": "linear",
  "test_roc_auc": 0.9160802469135803,
  "test_pr_auc": 0.7579501573642773,
  "test_f1": 0.6666666666666666,
  "best_threshold": 0.7900000000000001
}