{
  "model_slug": "qwen2.5-1.5b",
  "layer": 19,
  "probe_type": "linear",
  "best_epoch": 10,
  "val_roc_auc": 0.9164197530864199,
  "val_pr_auc": 0.7299330241012841,
  "test_roc_auc": 0.9339197530864198,
  "test_pr_auc": 0.7810554918197395,
  "best_threshold": 0.8400000000000002,
  "test_f1_harmful_at_best_thresh": 0.7378640776699029,
  "hyperparams": {
    "lr": 0.001,
    "weight_decay": 0.0001,
    "pos_weight": 3.0,
    "batch_size": 64,
    "seed": 42,
    "harmful_frac": null
  }
}