{
  "model_slug": "qwen2.5-1.5b",
  "layer": 14,
  "probe_type": "linear",
  "best_epoch": 25,
  "val_roc_auc": 0.9176543209876543,
  "val_pr_auc": 0.7052967306834106,
  "test_roc_auc": 0.9224382716049382,
  "test_pr_auc": 0.7698199357673772,
  "best_threshold": 0.8200000000000002,
  "test_f1_harmful_at_best_thresh": 0.6601941747572816,
  "hyperparams": {
    "lr": 0.001,
    "weight_decay": 0.0001,
    "pos_weight": 3.0,
    "batch_size": 64,
    "seed": 42,
    "harmful_frac": null
  }
}