{
  "layer": 8,
  "probe_type": "linear",
  "test_roc_auc": 0.948761111111111,
  "test_pr_auc": 0.7935834967276946,
  "test_f1": 0.7286821705426356,
  "best_threshold": 0.6700000000000002
}