{
  "layer": 23,
  "probe_type": "linear",
  "test_roc_auc": 0.9017592592592593,
  "test_pr_auc": 0.7406903284409163,
  "test_f1": 0.7272727272727273,
  "best_threshold": 0.8100000000000002
}