{
  "layer": 18,
  "probe_type": "linear",
  "test_roc_auc": 0.9040583333333333,
  "test_pr_auc": 0.7625409030778391,
  "test_f1": 0.7155425219941349,
  "best_threshold": 0.8000000000000002
}