{
  "layer": 16,
  "probe_type": "linear",
  "test_roc_auc": 0.9202861111111111,
  "test_pr_auc": 0.751152303246819,
  "test_f1": 0.6666666666666666,
  "best_threshold": 0.7100000000000002
}