{
  "layer": 11,
  "probe_type": "linear",
  "test_roc_auc": 0.8919753086419754,
  "test_pr_auc": 0.6812113374022943,
  "test_f1": 0.6095238095238096,
  "best_threshold": 0.8000000000000002
}