{
  "layer": 5,
  "probe_type": "linear",
  "test_roc_auc": 0.8515123456790124,
  "test_pr_auc": 0.6645560209597695,
  "test_f1": 0.66,
  "best_threshold": 0.8500000000000002
}