{
  "model_slug": "qwen2.5-1.5b-meanpool",
  "layer": 15,
  "probe_type": "mlp",
  "best_epoch": 16,
  "val_roc_auc": 0.9600617283950618,
  "val_pr_auc": 0.8365432086837016,
  "test_roc_auc": 0.9495061728395062,
  "test_pr_auc": 0.8489582305633022,
  "best_threshold": 0.8300000000000002,
  "test_f1_harmful_at_best_thresh": 0.7647058823529411,
  "hyperparams": {
    "lr": 0.001,
    "weight_decay": 0.0001,
    "pos_weight": 3.0,
    "batch_size": 64,
    "seed": 42,
    "harmful_frac": null
  }
}