{
  "layer": 10,
  "probe_type": "linear",
  "test_roc_auc": 0.9567722222222222,
  "test_pr_auc": 0.8153392818796975,
  "test_f1": 0.7126436781609196,
  "best_threshold": 0.7500000000000001
}