{
  "layer": 21,
  "probe_type": "linear",
  "test_roc_auc": 0.9205166666666668,
  "test_pr_auc": 0.7938349549374778,
  "test_f1": 0.7126436781609196,
  "best_threshold": 0.8300000000000002
}