{
  "layer": 0,
  "probe_type": "linear",
  "test_roc_auc": 0.8909567901234569,
  "test_pr_auc": 0.6521954637125357,
  "test_f1": 0.6025641025641025,
  "best_threshold": 0.6300000000000001
}