{
  "model_slug": "qwen2.5-1.5b",
  "layer": 26,
  "probe_type": "linear",
  "best_epoch": 8,
  "val_roc_auc": 0.9459259259259258,
  "val_pr_auc": 0.7654802574180436,
  "test_roc_auc": 0.8916049382716048,
  "test_pr_auc": 0.7404106974345858,
  "best_threshold": 0.7800000000000001,
  "test_f1_harmful_at_best_thresh": 0.6722689075630253,
  "hyperparams": {
    "lr": 0.001,
    "weight_decay": 0.0001,
    "pos_weight": 3.0,
    "batch_size": 64,
    "seed": 42
  }
}